[
  {
    "branch": "ALL",
    "year": "1-YEAR",
    "sem": "1-SEM",
    "books": [
      {"title": "Mathematics – I", "author": "B.S. Grewal – Higher Engineering Mathematics"},
      {"title": "Engineering Physics – I", "author": "M.N. Avadhanulu & P.G. Kshirsagar"},
      {"title": "Engineering Chemistry – I", "author": "Jain & Jain"},
      {"title": "Engineering Drawing", "author": "N.D. Bhatt – Engineering Drawing"},
      {"title": "Basic Electrical Engineering", "author": "Mittle & Mittle"},
      {"title": "Programming in C", "author": "E. Balaguruswamy – ANSI C"}
    ]
  },
  {
    "branch": "ALL",
    "year": "1-YEAR",
    "sem": "2-SEM",
    "books": [
      {"title": "Mathematics – II", "author": "Erwin Kreyszig – Advanced Engineering Mathematics"},
      {"title": "Engineering Physics – II", "author": "Sears & Zemansky – University Physics"},
      {"title": "Engineering Chemistry – II", "author": "O.P. Tandon"},
      {"title": "Basic Electronics", "author": "Sedra & Smith – Microelectronic Circuits"},
      {"title": "Engineering Mechanics", "author": "Timoshenko / R.S. Khurmi"},
      {"title": "Environmental Studies", "author": "Benny Joseph"}
    ]
  },
  {
    "branch": "CSE",
    "year": "2-YEAR",
    "sem": "3-SEM",
    "books": [
      {"title": "Mathematics – III", "author": "B.S. Grewal"},
      {"title": "Data Structures", "author": "Narasimha Karumanchi / Seymour Lipschutz"},
      {"title": "Digital Logic Design", "author": "Morris Mano"},
      {"title": "Computer Organization", "author": "Carl Hamacher"},
      {"title": "Object-Oriented Programming (C++/Java)", "author": "E. Balaguruswamy / Herbert Schildt"}
    ]
  },
  {
    "branch": "CSE",
    "year": "2-YEAR",
    "sem": "4-SEM",
    "books": [
      {"title": "Operating Systems", "author": "Silberschatz & Galvin"},
      {"title": "Database Management Systems", "author": "Korth / Elmasri"},
      {"title": "Design & Analysis of Algorithms", "author": "Cormen (CLRS)"},
      {"title": "Formal Languages & Automata", "author": "Peter Linz"},
      {"title": "Software Engineering", "author": "Roger Pressman"}
    ]
  },
  {
    "branch": "CSE",
    "year": "3-YEAR",
    "sem": "5-SEM",
    "books": [
      {"title": "Computer Networks", "author": "Andrew Tanenbaum"},
      {"title": "Compiler Design", "author": "Aho – Dragon Book"},
      {"title": "Web Technologies", "author": "Robert W. Sebesta"},
      {"title": "Artificial Intelligence", "author": "Russell & Norvig"}
    ]
  },
  {
    "branch": "CSE",
    "year": "3-YEAR",
    "sem": "6-SEM",
    "books": [
      {"title": "Machine Learning", "author": "Tom Mitchell"},
      {"title": "Distributed Systems", "author": "Tanenbaum"},
      {"title": "Mobile Computing", "author": "Raj Kamal"},
      {"title": "Cloud Computing", "author": "Rajkumar Buyya"}
    ]
  },
  {
    "branch": "CSE",
    "year": "4-YEAR",
    "sem": "7-SEM",
    "books": [
      {"title": "Big Data Analytics", "author": "Seema Acharya"},
      {"title": "Cyber Security", "author": "William Stallings"},
      {"title": "Elective Subjects", "author": "IoT, Blockchain"}
    ]
  },
  {
    "branch": "CSE",
    "year": "4-YEAR",
    "sem": "8-SEM",
    "books": [
      {"title": "Project Work / Seminar", "author": ""},
      {"title": "Recent Technologies", "author": "AI/ML/DL specialization depending on university"}
    ]
  },
  {
    "branch": "ECE",
    "year": "2-YEAR",
    "sem": "3-SEM",
    "books": [
      {"title": "Mathematics – III", "author": "B.S. Grewal"},
      {"title": "Electronic Devices", "author": "Boylestad & Nashelsky"},
      {"title": "Network Analysis", "author": "Van Valkenburg"},
      {"title": "Signals & Systems", "author": "Oppenheim"},
      {"title": "Switching Theory & Logic Design", "author": "Morris Mano"}
    ]
  },
  {
    "branch": "ECE",
    "year": "2-YEAR",
    "sem": "4-SEM",
    "books": [
      {"title": "Linear ICs", "author": "Gayakwad"},
      {"title": "Probability Theory & Stochastic Processes", "author": "Hwei Hsu"},
      {"title": "Electromagnetic Theory", "author": "Sadiku"},
      {"title": "Analog Circuits", "author": "Sedra & Smith"}
    ]
  },
  {
    "branch": "ECE",
    "year": "3-YEAR",
    "sem": "5-SEM",
    "books": [
      {"title": "Analog Communication", "author": "Simon Haykin"},
      {"title": "Microprocessors (8085/8086)", "author": "Ramesh Gaonkar / Douglas Hall"},
      {"title": "Control Systems", "author": "Nagrath & Gopal"}
    ]
  },
  {
    "branch": "ECE",
    "year": "3-YEAR",
    "sem": "6-SEM",
    "books": [
      {"title": "Digital Communication", "author": "Proakis"},
      {"title": "Digital Signal Processing", "author": "Oppenheim & Schafer"},
      {"title": "Antennas & Wave Propagation", "author": "Balanis"}
    ]
  },
  {
    "branch": "ECE",
    "year": "4-YEAR",
    "sem": "7-SEM",
    "books": [
      {"title": "VLSI Design", "author": "Wayne Wolf"},
      {"title": "Microwave Engineering", "author": "Pozar"},
      {"title": "Embedded Systems", "author": "Raj Kamal"}
    ]
  },
  {
    "branch": "ECE",
    "year": "4-YEAR",
    "sem": "8-SEM",
    "books": [
      {"title": "Wireless Communication", "author": "Rappaport"},
      {"title": "Project / Seminar", "author": ""}
    ]
  },
  {
    "branch": "EEE",
    "year": "2-YEAR",
    "sem": "3-SEM",
    "books": [
      {"title": "Circuit Theory", "author": "A. Chakrabarti"},
      {"title": "Electrical Machines – I", "author": "P.S. Bimbhra"},
      {"title": "Control Systems – I", "author": "Nagrath & Gopal"}
    ]
  },
  {
    "branch": "EEE",
    "year": "2-YEAR",
    "sem": "4-SEM",
    "books": [
      {"title": "Electrical Machines – II", "author": "P.S. Bimbhra"},
      {"title": "Power Systems – I", "author": "C.L. Wadhwa"},
      {"title": "Measurements & Instrumentation", "author": "A.K. Sawhney"}
    ]
  },
  {
    "branch": "EEE",
    "year": "3-YEAR",
    "sem": "5-SEM",
    "books": [
      {"title": "Power Electronics", "author": "Rashid"},
      {"title": "Signals & Systems", "author": "Oppenheim"},
      {"title": "Renewable Energy", "author": "B.H. Khan"}
    ]
  },
  {
    "branch": "EEE",
    "year": "3-YEAR",
    "sem": "6-SEM",
    "books": [
      {"title": "Switchgear & Protection", "author": "Sunil Rao"},
      {"title": "High Voltage Engineering", "author": "M.S. Naidu & Kamaraju"},
      {"title": "Electrical Drives", "author": "G.K. Dubey"}
    ]
  },
  {
    "branch": "EEE",
    "year": "4-YEAR",
    "sem": "7-SEM",
    "books": [
      {"title": "Power System Analysis", "author": "C.L. Wadhwa"},
      {"title": "FACTS Devices", "author": "N.G. Hingorani"}
    ]
  },
  {
    "branch": "EEE",
    "year": "4-YEAR",
    "sem": "8-SEM",
    "books": [
      {"title": "Smart Grid / Electives", "author": ""},
      {"title": "Project", "author": ""}
    ]
  },
  {
    "branch": "CIVIL",
    "year": "2-YEAR",
    "sem": "3-SEM",
    "books": [
      {"title": "Strength of Materials", "author": "R.K. Bansal"},
      {"title": "Fluid Mechanics", "author": "R.K. Bansal"},
      {"title": "Surveying – I", "author": "B.C. Punmia"}
    ]
  },
  {
    "branch": "CIVIL",
    "year": "2-YEAR",
    "sem": "4-SEM",
    "books": [
      {"title": "Structural Analysis – I", "author": "C.K. Wang"},
      {"title": "Concrete Technology", "author": "M.S. Shetty"},
      {"title": "Surveying – II", "author": "B.C. Punmia"}
    ]
  },
  {
    "branch": "CIVIL",
    "year": "3-YEAR",
    "sem": "5-SEM",
    "books": [
      {"title": "Geotechnical Engineering – I", "author": "B.C. Punmia"},
      {"title": "Transportation Engineering – I", "author": "Khanna & Justo"},
      {"title": "Structural Analysis – II", "author": "C.K. Wang"}
    ]
  },
  {
    "branch": "CIVIL",
    "year": "3-YEAR",
    "sem": "6-SEM",
    "books": [
      {"title": "Geotechnical Engineering – II", "author": "B.C. Punmia"},
      {"title": "Water Resources Engineering – I", "author": "Punmia"},
      {"title": "Environmental Engineering – I", "author": "Peavy & Rowe"}
    ]
  },
  {
    "branch": "CIVIL",
    "year": "4-YEAR",
    "sem": "7-SEM",
    "books": [
      {"title": "Water Resources Engineering – II", "author": "Punmia"},
      {"title": "Transportation Engineering – II", "author": "Khanna & Justo"},
      {"title": "Environmental Engineering – II", "author": "Peavy"}
    ]
  },
  {
    "branch": "CIVIL",
    "year": "4-YEAR",
    "sem": "8-SEM",
    "books": [
      {"title": "Construction Management", "author": "N. Subramanian"},
      {"title": "Project / Seminar", "author": ""}
    ]
  },
  {
    "branch": "MECH",
    "year": "2-YEAR",
    "sem": "3-SEM",
    "books": [
      {"title": "Engineering Thermodynamics", "author": "P.K. Nag"},
      {"title": "Mechanics of Solids", "author": "S.S. Rattan"},
      {"title": "Fluid Mechanics", "author": "R.K. Bansal"}
    ]
  },
  {
    "branch": "MECH",
    "year": "2-YEAR",
    "sem": "4-SEM",
    "books": [
      {"title": "Kinematics of Machinery", "author": "S.S. Rattan"},
      {"title": "Manufacturing Process", "author": "R.K. Jain"},
      {"title": "Metallurgy", "author": "Kodgire"}
    ]
  },
  {
    "branch": "MECH",
    "year": "3-YEAR",
    "sem": "5-SEM",
    "books": [
      {"title": "Machine Design – I", "author": "V.B. Bhandari"},
      {"title": "Heat Transfer", "author": "J.P. Holman"},
      {"title": "Theory of Machines", "author": "S.S. Rattan"}
    ]
  },
  {
    "branch": "MECH",
    "year": "3-YEAR",
    "sem": "6-SEM",
    "books": [
      {"title": "Machine Design – II", "author": "V.B. Bhandari"},
      {"title": "Dynamics of Machinery", "author": "S.S. Rattan"},
      {"title": "CAD/CAM", "author": "Groover"}
    ]
  },
  {
    "branch": "MECH",
    "year": "4-YEAR",
    "sem": "7-SEM",
    "books": [
      {"title": "IC Engines", "author": "V. Ganeshan"},
      {"title": "Refrigeration & Air Conditioning", "author": "C.P. Arora"},
      {"title": "Automobile Engineering", "author": "Kirpal Singh"}
    ]
  },
  {
    "branch": "MECH",
    "year": "4-YEAR",
    "sem": "8-SEM",
    "books": [
      {"title": "Robotics", "author": "Mikell Groover"},
      {"title": "Project / Seminar", "author": ""}
    ]
  }
]
