{
  "CSE": {
    "1-YEAR": {
      "1-SEM": [
        { "title": "Mathematics – I", "author": "B.S. Grewal", "qty": 5 },
        { "title": "Engineering Physics – I", "author": "M.N. Avadhanulu & P.G. Kshirsagar", "qty": 5 },
        { "title": "Engineering Chemistry – I", "author": "Jain & Jain", "qty": 5 },
        { "title": "Engineering Drawing", "author": "N.D. Bhatt", "qty": 5 },
        { "title": "Basic Electrical Engineering", "author": "Mittle & Mittle", "qty": 5 },
        { "title": "Programming in C", "author": "E. Balaguruswamy", "qty": 5 }
      ],
      "2-SEM": [
        { "title": "Mathematics – II", "author": "Erwin Kreyszig", "qty": 5 },
        { "title": "Engineering Physics – II", "author": "Sears & Zemansky", "qty": 5 },
        { "title": "Engineering Chemistry – II", "author": "O.P. Tandon", "qty": 5 },
        { "title": "Basic Electronics", "author": "Sedra & Smith", "qty": 5 },
        { "title": "Engineering Mechanics", "author": "Timoshenko / R.S. Khurmi", "qty": 5 },
        { "title": "Environmental Studies", "author": "Benny Joseph", "qty": 5 }
      ]
    },
    "2-YEAR": {
      "3-SEM": [
        { "title": "Mathematics – III", "author": "B.S. Grewal", "qty": 5 },
        { "title": "Data Structures", "author": "Narasimha Karumanchi / Seymour Lipschutz", "qty": 5 },
        { "title": "Digital Logic Design", "author": "Morris Mano", "qty": 5 },
        { "title": "Computer Organization", "author": "Carl Hamacher", "qty": 5 },
        { "title": "Object-Oriented Programming (C++/Java)", "author": "E. Balaguruswamy / Herbert Schildt", "qty": 5 }
      ],
      "4-SEM": [
        { "title": "Operating Systems", "author": "Silberschatz & Galvin", "qty": 5 },
        { "title": "Database Management Systems", "author": "Korth / Elmasri", "qty": 5 },
        { "title": "Design & Analysis of Algorithms", "author": "Cormen (CLRS)", "qty": 5 },
        { "title": "Formal Languages & Automata", "author": "Peter Linz", "qty": 5 },
        { "title": "Software Engineering", "author": "Roger Pressman", "qty": 5 }
      ]
    },
    "3-YEAR": {
      "5-SEM": [
        { "title": "Computer Networks", "author": "Andrew Tanenbaum", "qty": 5 },
        { "title": "Compiler Design", "author": "Aho – Dragon Book", "qty": 5 },
        { "title": "Web Technologies", "author": "Robert W. Sebesta", "qty": 5 },
        { "title": "Artificial Intelligence", "author": "Russell & Norvig", "qty": 5 }
      ],
      "6-SEM": [
        { "title": "Machine Learning", "author": "Tom Mitchell", "qty": 5 },
        { "title": "Distributed Systems", "author": "Tanenbaum", "qty": 5 },
        { "title": "Mobile Computing", "author": "Raj Kamal", "qty": 5 },
        { "title": "Cloud Computing", "author": "Rajkumar Buyya", "qty": 5 }
      ]
    },
    "4-YEAR": {
      "7-SEM": [
        { "title": "Big Data Analytics", "author": "Seema Acharya", "qty": 5 },
        { "title": "Cyber Security", "author": "William Stallings", "qty": 5 },
        { "title": "Elective Subjects", "author": "IoT, Blockchain", "qty": 5 }
      ],
      "8-SEM": [
        { "title": "Project Work / Seminar", "author": "", "qty": 5 },
        { "title": "Recent Technologies", "author": "AI/ML/DL specialization", "qty": 5 }
      ]
    }
  }
}